,loss,acc,val_loss,val_acc
0,0.7449 ,0.5688 ,0.6802 ,0.6176
1,0.6971 ,0.5883 ,0.6553 ,0.6224
2,0.6752 ,0.6061 ,0.6208 ,0.6220
3,0.6454 ,0.6331 ,0.5849 ,0.7052
4,0.6109 ,0.6772 ,0.5381 ,0.7470
5,0.5869 ,0.6978 ,0.5381 ,0.7689
6,0.5638 ,0.7189 ,0.5823 ,0.7008
7,0.5388 ,0.7383 ,0.5449 ,0.7337
8,0.5256 ,0.7464 ,0.4826 ,0.7929
9,0.5278 ,0.7432 ,0.4990 ,0.7799
10,0.5309 ,0.7399 ,0.4554 ,0.8001
11,0.5123 ,0.7515 ,0.4359 ,0.8038
12,0.4965 ,0.7661 ,0.4274 ,0.8055
13,0.4787 ,0.7714 ,0.4038 ,0.8045
14,0.5023 ,0.7519 ,0.6117 ,0.6915
15,0.4931 ,0.7604 ,0.6492 ,0.6470
16,0.4704 ,0.7728 ,0.4476 ,0.7984
17,0.4720 ,0.7738 ,0.3964 ,0.8213
18,0.4670 ,0.7779 ,0.3958 ,0.8230
19,0.4747 ,0.7725 ,0.3846 ,0.8127
20,0.4634 ,0.7803 ,0.4373 ,0.7864
21,0.4503 ,0.7889 ,0.4165 ,0.8059
22,0.4439 ,0.7901 ,0.4203 ,0.8031
23,0.4548 ,0.7834 ,0.4344 ,0.7823
24,0.4273 ,0.7984 ,0.3697 ,0.8449
25,0.4388 ,0.7889 ,0.4117 ,0.7901
26,0.4373 ,0.7910 ,0.4232 ,0.7665
27,0.4408 ,0.7830 ,0.4357 ,0.7874
28,0.4339 ,0.7913 ,0.4759 ,0.7761
29,0.4231 ,0.7989 ,0.3890 ,0.8237
30,0.4025 ,0.8076 ,0.3508 ,0.8199
31,0.4086 ,0.8069 ,0.3697 ,0.8305
32,0.4193 ,0.8003 ,0.3701 ,0.8247
33,0.4152 ,0.8053 ,0.4079 ,0.7977
34,0.4207 ,0.8005 ,0.4381 ,0.7912
35,0.4291 ,0.7973 ,0.4464 ,0.7569
36,0.4337 ,0.7960 ,0.5029 ,0.7545
37,0.4251 ,0.7994 ,0.3539 ,0.8370
38,0.4236 ,0.8015 ,0.3547 ,0.8497
39,0.4208 ,0.8025 ,0.4779 ,0.7881
40,0.4270 ,0.7975 ,0.3868 ,0.8076
41,0.4157 ,0.8066 ,0.3763 ,0.8107
42,0.3921 ,0.8181 ,0.3945 ,0.8124
43,0.3938 ,0.8150 ,0.4128 ,0.8062
44,0.3939 ,0.8143 ,0.4672 ,0.7764
45,0.3984 ,0.8140 ,0.2913 ,0.8668
46,0.4089 ,0.8108 ,0.3758 ,0.8370
47,0.3885 ,0.8220 ,0.4760 ,0.7532
48,0.3925 ,0.8213 ,0.3027 ,0.8915
49,0.3871 ,0.8211 ,0.3741 ,0.8292
50,0.4140 ,0.8070 ,0.3236 ,0.8439
51,0.3988 ,0.8127 ,0.3358 ,0.8456
52,0.3872 ,0.8179 ,0.3422 ,0.8579
53,0.3981 ,0.8119 ,0.5765 ,0.7285
54,0.3890 ,0.8134 ,0.3791 ,0.8199
55,0.3875 ,0.8180 ,0.3190 ,0.8425
56,0.3828 ,0.8199 ,0.2940 ,0.8682
57,0.3851 ,0.8193 ,0.3295 ,0.8555
58,0.3917 ,0.8172 ,0.4342 ,0.7853
59,0.3940 ,0.8167 ,0.2992 ,0.8850
60,0.3751 ,0.8251 ,0.3020 ,0.8809
61,0.3847 ,0.8209 ,0.3438 ,0.8538
62,0.3830 ,0.8201 ,0.4433 ,0.7675
63,0.3626 ,0.8314 ,0.3320 ,0.8470
64,0.3674 ,0.8283 ,0.3845 ,0.8216
65,0.3914 ,0.8156 ,0.3034 ,0.8737
66,0.3833 ,0.8220 ,0.2887 ,0.8613
67,0.3683 ,0.8294 ,0.3370 ,0.8309
68,0.3747 ,0.8261 ,0.3776 ,0.8261
69,0.3593 ,0.8336 ,0.3287 ,0.8531
70,0.3680 ,0.8287 ,0.3716 ,0.8199
71,0.3622 ,0.8338 ,0.2618 ,0.8815
72,0.3501 ,0.8392 ,0.3248 ,0.8388
73,0.3745 ,0.8265 ,0.2881 ,0.8843
74,0.3713 ,0.8291 ,0.3760 ,0.8107
75,0.3766 ,0.8240 ,0.3000 ,0.8819
76,0.3597 ,0.8326 ,0.3663 ,0.8490
77,0.3452 ,0.8386 ,0.3422 ,0.8261
78,0.3240 ,0.8494 ,0.2566 ,0.8925
79,0.3119 ,0.8531 ,0.2844 ,0.8449
80,0.3032 ,0.8603 ,0.3078 ,0.8514
81,0.2980 ,0.8641 ,0.2612 ,0.8726
82,0.2978 ,0.8634 ,0.6326 ,0.7032
83,0.3138 ,0.8575 ,0.2113 ,0.9195
84,0.3248 ,0.8514 ,0.2396 ,0.8826
85,0.2923 ,0.8686 ,0.2381 ,0.9038
86,0.3084 ,0.8584 ,0.2418 ,0.9041
87,0.2935 ,0.8629 ,0.3328 ,0.8504
88,0.3044 ,0.8605 ,0.4339 ,0.7970
89,0.3089 ,0.8589 ,0.2809 ,0.8843
90,0.3149 ,0.8584 ,0.3399 ,0.8364
91,0.3007 ,0.8649 ,0.2926 ,0.8809
92,0.3081 ,0.8610 ,0.2222 ,0.8997
93,0.2893 ,0.8707 ,0.2949 ,0.8644
94,0.3160 ,0.8550 ,0.2192 ,0.8997
95,0.3183 ,0.8550 ,0.2821 ,0.8679
96,0.3094 ,0.8599 ,0.2919 ,0.8689
97,0.3177 ,0.8544 ,0.2136 ,0.9148
98,0.3170 ,0.8563 ,0.2749 ,0.8805
99,0.2863 ,0.8713 ,0.2373 ,0.9021
100,0.2980 ,0.8634 ,0.2413 ,0.9083
101,0.3053 ,0.8605 ,0.2978 ,0.8908
102,0.3305 ,0.8501 ,0.3835 ,0.8295
103,0.3164 ,0.8546 ,0.2767 ,0.8812
104,0.3396 ,0.8422 ,0.2665 ,0.8915
105,0.3234 ,0.8548 ,0.2455 ,0.9062
106,0.3046 ,0.8602 ,0.2728 ,0.8839
107,0.3177 ,0.8569 ,0.3979 ,0.8090
108,0.3089 ,0.8619 ,0.2148 ,0.9158
109,0.3061 ,0.8610 ,0.2747 ,0.8672
110,0.3287 ,0.8464 ,0.3009 ,0.8583
111,0.2889 ,0.8691 ,0.2235 ,0.8925
112,0.3081 ,0.8591 ,0.2612 ,0.8877
113,0.3074 ,0.8565 ,0.2114 ,0.8939
114,0.3090 ,0.8604 ,0.2865 ,0.8702
115,0.3313 ,0.8481 ,0.2024 ,0.9206
116,0.3037 ,0.8634 ,0.3752 ,0.8295
117,0.2981 ,0.8643 ,0.2207 ,0.9124
118,0.2929 ,0.8704 ,0.2369 ,0.8932
119,0.3076 ,0.8620 ,0.2477 ,0.8973
120,0.2969 ,0.8657 ,0.2071 ,0.9154
121,0.2855 ,0.8715 ,0.2307 ,0.9000
122,0.2684 ,0.8816 ,0.3079 ,0.8740
123,0.2857 ,0.8734 ,0.2509 ,0.8949
124,0.2625 ,0.8815 ,0.1969 ,0.9209
125,0.2830 ,0.8725 ,0.1956 ,0.9069
126,0.2895 ,0.8708 ,0.2867 ,0.8778
127,0.3060 ,0.8625 ,0.1812 ,0.9343
128,0.3106 ,0.8597 ,0.2905 ,0.8607
129,0.2958 ,0.8682 ,0.7854 ,0.6710
130,0.2867 ,0.8727 ,0.2457 ,0.9089
131,0.2678 ,0.8808 ,0.3363 ,0.8299
132,0.2754 ,0.8740 ,0.2075 ,0.8928
133,0.2847 ,0.8713 ,0.2384 ,0.8993
134,0.2925 ,0.8684 ,0.3259 ,0.8524
135,0.2463 ,0.8890 ,0.2613 ,0.8884
136,0.2304 ,0.8968 ,0.1828 ,0.9151
137,0.2533 ,0.8879 ,0.1566 ,0.9397
138,0.2566 ,0.8901 ,0.3526 ,0.8319
139,0.2488 ,0.8898 ,0.2131 ,0.9178
140,0.2476 ,0.8914 ,0.2534 ,0.8603
141,0.2572 ,0.8882 ,0.2216 ,0.9093
142,0.2843 ,0.8710 ,0.2526 ,0.8805
143,0.2518 ,0.8893 ,0.1738 ,0.9202
144,0.2721 ,0.8791 ,0.1774 ,0.9250
145,0.2525 ,0.8926 ,0.2088 ,0.9127
146,0.2419 ,0.8955 ,0.2197 ,0.8970
147,0.2563 ,0.8884 ,0.1761 ,0.9302
148,0.2451 ,0.8944 ,0.2082 ,0.9041
149,0.2370 ,0.8976 ,0.1617 ,0.9305
150,0.2371 ,0.8961 ,0.2159 ,0.9045
151,0.2541 ,0.8921 ,0.1838 ,0.9298
152,0.2751 ,0.8797 ,0.2102 ,0.9130
153,0.2560 ,0.8874 ,0.2074 ,0.9117
154,0.2716 ,0.8757 ,0.4561 ,0.8018
155,0.2604 ,0.8821 ,0.3054 ,0.8655
156,0.2826 ,0.8718 ,0.2870 ,0.8617
157,0.2780 ,0.8751 ,0.2179 ,0.9000
158,0.2788 ,0.8729 ,0.4365 ,0.7617
159,0.2681 ,0.8804 ,0.3130 ,0.8322
160,0.2684 ,0.8809 ,0.2012 ,0.9117
161,0.2686 ,0.8801 ,0.2577 ,0.9021
162,0.2863 ,0.8709 ,0.2459 ,0.8901
163,0.2813 ,0.8779 ,0.2029 ,0.9079
164,0.2590 ,0.8887 ,0.2806 ,0.8850
165,0.2901 ,0.8727 ,0.2492 ,0.8846
166,0.2818 ,0.8739 ,0.2841 ,0.8702
167,0.2634 ,0.8817 ,0.2462 ,0.8908
168,0.2631 ,0.8794 ,0.2532 ,0.8846
169,0.2498 ,0.8842 ,0.1740 ,0.9223
170,0.2465 ,0.8873 ,0.1801 ,0.9202
171,0.2471 ,0.8891 ,0.1743 ,0.9476
172,0.2561 ,0.8832 ,0.2770 ,0.8730
173,0.2854 ,0.8697 ,0.2631 ,0.8768
174,0.2768 ,0.8778 ,0.2216 ,0.9059
175,0.2673 ,0.8790 ,0.3448 ,0.8463
176,0.2665 ,0.8819 ,0.2025 ,0.9086
177,0.2513 ,0.8888 ,0.2002 ,0.9137
178,0.2567 ,0.8883 ,0.3004 ,0.8812
179,0.2559 ,0.8852 ,0.2215 ,0.8932
180,0.2554 ,0.8895 ,0.1772 ,0.9346
181,0.2698 ,0.8781 ,0.1791 ,0.9185
182,0.2658 ,0.8835 ,0.2059 ,0.9086
183,0.2527 ,0.8912 ,0.2047 ,0.9117
184,0.2643 ,0.8830 ,0.2348 ,0.9096
185,0.2582 ,0.8853 ,0.2787 ,0.8788
186,0.2630 ,0.8865 ,0.2728 ,0.8706
187,0.2833 ,0.8771 ,0.1830 ,0.9182
188,0.2752 ,0.8779 ,0.2021 ,0.9031
189,0.2666 ,0.8849 ,0.1873 ,0.9168
190,0.2590 ,0.8886 ,0.3141 ,0.8675
191,0.2664 ,0.8801 ,0.2144 ,0.9199
192,0.2642 ,0.8839 ,0.2118 ,0.9062
193,0.2368 ,0.8968 ,0.1642 ,0.9278
194,0.2312 ,0.8992 ,0.2040 ,0.8990
195,0.2445 ,0.8947 ,0.2141 ,0.9117
196,0.2353 ,0.8981 ,0.1485 ,0.9425
197,0.2675 ,0.8826 ,0.1822 ,0.9271
198,0.2468 ,0.8924 ,0.1790 ,0.9240
199,0.2426 ,0.8951 ,0.2540 ,0.8894
200,0.2495 ,0.8919 ,0.1733 ,0.9178
201,0.2335 ,0.8997 ,0.1792 ,0.9079
202,0.2263 ,0.9016 ,0.2398 ,0.9000
203,0.2447 ,0.8968 ,0.2314 ,0.9004
204,0.2303 ,0.8984 ,0.4898 ,0.7816
205,0.2323 ,0.9016 ,0.1883 ,0.9134
206,0.2283 ,0.9018 ,0.2328 ,0.9031
207,0.2288 ,0.9020 ,0.1319 ,0.9469
208,0.2249 ,0.9033 ,0.1603 ,0.9401
209,0.2421 ,0.8967 ,0.2441 ,0.9004
210,0.2370 ,0.8982 ,0.1846 ,0.9219
211,0.2161 ,0.9067 ,0.2009 ,0.9000
212,0.2248 ,0.9038 ,0.2290 ,0.9134
213,0.2143 ,0.9086 ,0.1514 ,0.9356
214,0.2116 ,0.9099 ,0.1617 ,0.9305
215,0.2285 ,0.9014 ,0.2281 ,0.8884
216,0.2210 ,0.9064 ,0.1487 ,0.9363
217,0.2329 ,0.9009 ,0.2384 ,0.8863
218,0.2577 ,0.8875 ,0.1569 ,0.9336
219,0.2654 ,0.8831 ,0.3039 ,0.8624
220,0.2528 ,0.8899 ,0.1823 ,0.9226
221,0.2273 ,0.8996 ,0.2341 ,0.8850
222,0.2218 ,0.9070 ,0.2249 ,0.9086
223,0.2491 ,0.8903 ,0.1388 ,0.9473
224,0.2464 ,0.8917 ,0.1908 ,0.9223
225,0.2282 ,0.9040 ,0.1978 ,0.9206
226,0.2363 ,0.8999 ,0.1546 ,0.9408
227,0.2292 ,0.8997 ,0.2096 ,0.9103
228,0.2324 ,0.8972 ,0.3562 ,0.8278
229,0.2220 ,0.9044 ,0.2014 ,0.9031
230,0.2296 ,0.9019 ,0.2221 ,0.9175
231,0.2152 ,0.9083 ,0.2201 ,0.9052
232,0.2196 ,0.9041 ,0.1678 ,0.9312
233,0.2309 ,0.9007 ,0.1645 ,0.9377
234,0.2130 ,0.9090 ,0.1609 ,0.9274
235,0.1977 ,0.9137 ,0.1422 ,0.9374
236,0.2198 ,0.9060 ,0.1497 ,0.9353
237,0.2187 ,0.9061 ,0.1773 ,0.9192
238,0.2127 ,0.9070 ,0.2943 ,0.8309
239,0.2242 ,0.9019 ,0.2203 ,0.9048
240,0.1939 ,0.9202 ,0.1998 ,0.9401
241,0.2016 ,0.9123 ,0.1599 ,0.9326
242,0.1972 ,0.9166 ,0.2031 ,0.8987
243,0.1943 ,0.9167 ,0.1227 ,0.9565
244,0.2034 ,0.9102 ,0.1274 ,0.9504
245,0.1869 ,0.9218 ,0.1153 ,0.9562
246,0.2114 ,0.9107 ,0.1620 ,0.9284
247,0.2301 ,0.9003 ,0.1888 ,0.9079
248,0.2170 ,0.9051 ,0.1904 ,0.9103
249,0.2164 ,0.9072 ,0.1482 ,0.9463
250,0.2115 ,0.9113 ,0.1424 ,0.9401
251,0.2000 ,0.9176 ,0.1640 ,0.9288
252,0.2168 ,0.9075 ,0.1209 ,0.9517
253,0.1790 ,0.9259 ,0.2090 ,0.8980
254,0.1940 ,0.9197 ,0.1398 ,0.9432
255,0.1960 ,0.9183 ,0.2620 ,0.8870
256,0.1829 ,0.9239 ,0.1123 ,0.9552
257,0.1956 ,0.9184 ,0.1834 ,0.9182
258,0.2179 ,0.9064 ,0.1990 ,0.9148
259,0.2353 ,0.8995 ,0.2645 ,0.8822
260,0.2149 ,0.9057 ,0.1959 ,0.9065
261,0.2163 ,0.9091 ,0.1943 ,0.9168
262,0.2267 ,0.9041 ,0.1872 ,0.9117
263,0.2215 ,0.9064 ,0.1763 ,0.9288
264,0.2220 ,0.9047 ,0.1849 ,0.9192
265,0.2278 ,0.9054 ,0.1980 ,0.9332
266,0.2315 ,0.9019 ,0.1809 ,0.9264
267,0.2294 ,0.9021 ,0.1943 ,0.9089
268,0.2389 ,0.8967 ,0.1658 ,0.9247
269,0.2552 ,0.8903 ,0.2466 ,0.8867
270,0.2504 ,0.8924 ,0.1598 ,0.9329
271,0.2462 ,0.8952 ,0.3194 ,0.8449
272,0.2617 ,0.8858 ,0.2309 ,0.9130
273,0.2417 ,0.8930 ,0.2493 ,0.9144
274,0.2368 ,0.9016 ,0.2250 ,0.8737
275,0.2439 ,0.8933 ,0.2130 ,0.9065
276,0.2332 ,0.9001 ,0.1802 ,0.9312
277,0.2206 ,0.9067 ,0.3846 ,0.8685
278,0.2165 ,0.9076 ,0.2282 ,0.9083
279,0.2323 ,0.8972 ,0.1254 ,0.9486
280,0.2050 ,0.9109 ,0.1737 ,0.9278
281,0.2294 ,0.9017 ,0.1721 ,0.9278
282,0.2051 ,0.9099 ,0.1973 ,0.9096
283,0.2211 ,0.9058 ,0.1330 ,0.9432
284,0.2051 ,0.9125 ,0.1355 ,0.9452
285,0.2118 ,0.9119 ,0.1914 ,0.9240
286,0.2159 ,0.9071 ,0.2333 ,0.9103
287,0.2284 ,0.9010 ,0.1638 ,0.9295
288,0.2119 ,0.9123 ,0.1526 ,0.9473
289,0.2043 ,0.9135 ,0.1415 ,0.9504
290,0.2129 ,0.9115 ,0.1587 ,0.9209
291,0.1990 ,0.9143 ,0.1734 ,0.9240
292,0.2197 ,0.9044 ,0.2722 ,0.8576
293,0.2268 ,0.9035 ,0.2234 ,0.9059
294,0.2256 ,0.9068 ,0.1888 ,0.9151
295,0.2050 ,0.9143 ,0.1173 ,0.9565
296,0.2404 ,0.9002 ,0.1609 ,0.9271
297,0.2667 ,0.8853 ,0.2422 ,0.8843
298,0.2272 ,0.9044 ,0.1005 ,0.9610
299,0.2411 ,0.8971 ,0.1929 ,0.9261
300,0.1977 ,0.9175 ,0.1627 ,0.9350
301,0.2190 ,0.9097 ,0.2617 ,0.8846
302,0.2252 ,0.9053 ,0.1618 ,0.9397
303,0.2464 ,0.8940 ,0.1298 ,0.9517
304,0.2021 ,0.9159 ,0.1479 ,0.9517
305,0.2154 ,0.9098 ,0.1891 ,0.9141
306,0.2207 ,0.9074 ,0.1276 ,0.9534
307,0.2101 ,0.9119 ,0.1815 ,0.9226
308,0.2067 ,0.9091 ,0.1707 ,0.9213
309,0.2131 ,0.9106 ,0.1781 ,0.9274
310,0.2255 ,0.9042 ,0.1463 ,0.9439
311,0.2250 ,0.9026 ,0.3233 ,0.8603
312,0.2137 ,0.9091 ,0.2070 ,0.9141
313,0.2116 ,0.9091 ,0.1931 ,0.9127
314,0.2100 ,0.9085 ,0.1666 ,0.9384
315,0.2141 ,0.9101 ,0.3185 ,0.8661
316,0.2016 ,0.9133 ,0.1967 ,0.9233
317,0.1965 ,0.9172 ,0.1552 ,0.9459
318,0.2255 ,0.9031 ,0.2139 ,0.9254
319,0.2322 ,0.9022 ,0.1473 ,0.9346
320,0.2055 ,0.9145 ,0.1408 ,0.9384
321,0.2067 ,0.9135 ,0.2048 ,0.9059
322,0.2021 ,0.9139 ,0.1804 ,0.9195
323,0.2085 ,0.9112 ,0.1405 ,0.9435
324,0.2091 ,0.9115 ,0.1528 ,0.9463
325,0.2119 ,0.9122 ,0.1938 ,0.9134
326,0.2166 ,0.9075 ,0.1741 ,0.9308
327,0.2111 ,0.9102 ,0.1714 ,0.9134
328,0.1840 ,0.9234 ,0.2980 ,0.8918
329,0.2032 ,0.9143 ,0.1392 ,0.9428
330,0.1983 ,0.9181 ,0.1265 ,0.9463
331,0.1921 ,0.9179 ,0.1816 ,0.9237
332,0.2040 ,0.9145 ,0.1559 ,0.9295
333,0.1826 ,0.9242 ,0.1431 ,0.9415
334,0.1872 ,0.9212 ,0.1034 ,0.9562
335,0.1701 ,0.9289 ,0.2021 ,0.8973
336,0.1935 ,0.9193 ,0.1221 ,0.9637
337,0.2057 ,0.9134 ,0.1613 ,0.9350
338,0.2168 ,0.9083 ,0.1870 ,0.9240
339,0.2204 ,0.9052 ,0.1692 ,0.9202
340,0.2135 ,0.9121 ,0.1684 ,0.9216
341,0.2112 ,0.9103 ,0.1084 ,0.9668
342,0.2066 ,0.9150 ,0.1366 ,0.9497
343,0.2030 ,0.9162 ,0.1361 ,0.9428
344,0.1884 ,0.9225 ,0.1893 ,0.9172
345,0.1970 ,0.9187 ,0.1654 ,0.9332
346,0.1895 ,0.9207 ,0.0971 ,0.9682
347,0.1722 ,0.9289 ,0.0945 ,0.9593
348,0.1905 ,0.9197 ,0.1162 ,0.9442
349,0.1856 ,0.9224 ,0.1384 ,0.9497
350,0.1840 ,0.9250 ,0.1444 ,0.9428
351,0.1966 ,0.9171 ,0.1388 ,0.9486
352,0.1875 ,0.9228 ,0.2284 ,0.9202
353,0.2050 ,0.9105 ,0.1446 ,0.9391
354,0.1976 ,0.9154 ,0.1772 ,0.9257
355,0.2029 ,0.9120 ,0.1066 ,0.9575
356,0.1975 ,0.9171 ,0.1070 ,0.9589
357,0.2159 ,0.9082 ,0.1637 ,0.9271
358,0.1937 ,0.9190 ,0.1249 ,0.9469
359,0.1844 ,0.9239 ,0.1635 ,0.9250
360,0.1916 ,0.9180 ,0.1285 ,0.9435
361,0.2098 ,0.9099 ,0.1504 ,0.9284
362,0.1791 ,0.9246 ,0.1116 ,0.9582
363,0.1933 ,0.9173 ,0.1078 ,0.9565
364,0.1746 ,0.9249 ,0.1416 ,0.9284
365,0.1990 ,0.9156 ,0.2136 ,0.9165
366,0.2168 ,0.9062 ,0.1397 ,0.9391
367,0.1910 ,0.9197 ,0.1743 ,0.9274
368,0.2103 ,0.9107 ,0.1246 ,0.9493
369,0.2400 ,0.8960 ,0.1634 ,0.9302
370,0.2105 ,0.9096 ,0.1441 ,0.9367
371,0.1954 ,0.9175 ,0.1944 ,0.9137
372,0.1982 ,0.9161 ,0.1860 ,0.9302
373,0.1961 ,0.9189 ,0.1185 ,0.9524
374,0.1862 ,0.9203 ,0.2018 ,0.9226
375,0.1860 ,0.9210 ,0.1970 ,0.9141
376,0.2022 ,0.9111 ,0.1613 ,0.9247
377,0.1911 ,0.9186 ,0.2293 ,0.9004
378,0.2025 ,0.9158 ,0.1241 ,0.9445
379,0.1894 ,0.9205 ,0.1022 ,0.9541
380,0.1848 ,0.9204 ,0.1471 ,0.9394
381,0.1962 ,0.9159 ,0.1421 ,0.9456
382,0.1768 ,0.9248 ,0.2494 ,0.9113
383,0.1908 ,0.9204 ,0.1453 ,0.9408
384,0.1752 ,0.9268 ,0.1416 ,0.9531
385,0.2119 ,0.9124 ,0.1750 ,0.9243
386,0.1936 ,0.9194 ,0.1658 ,0.9154
387,0.1835 ,0.9237 ,0.0916 ,0.9668
388,0.1821 ,0.9218 ,0.1775 ,0.9209
389,0.2232 ,0.9053 ,0.1864 ,0.9274
390,0.2174 ,0.9067 ,0.1951 ,0.9011
391,0.1707 ,0.9278 ,0.2747 ,0.8922
392,0.1835 ,0.9239 ,0.2995 ,0.8771
393,0.1967 ,0.9158 ,0.1505 ,0.9353
394,0.2030 ,0.9145 ,0.1315 ,0.9558
395,0.1958 ,0.9171 ,0.1655 ,0.9254
396,0.2003 ,0.9164 ,0.1377 ,0.9415
397,0.2057 ,0.9126 ,0.1817 ,0.9356
398,0.2257 ,0.9043 ,0.1787 ,0.9182
399,0.2023 ,0.9158 ,0.1893 ,0.9243
400,0.2057 ,0.9158 ,0.1702 ,0.9254
401,0.2029 ,0.9139 ,0.1849 ,0.9168
402,0.2099 ,0.9149 ,0.2289 ,0.9130
403,0.2318 ,0.9021 ,0.2177 ,0.9035
404,0.2314 ,0.9032 ,0.2014 ,0.9144
405,0.2179 ,0.9080 ,0.1486 ,0.9346
406,0.2296 ,0.9019 ,0.1630 ,0.9243
407,0.2362 ,0.8976 ,0.2623 ,0.9065
408,0.2580 ,0.8870 ,0.2353 ,0.9007
409,0.2322 ,0.8987 ,0.1525 ,0.9356
410,0.2302 ,0.9004 ,0.2020 ,0.9124
411,0.2428 ,0.8951 ,0.2379 ,0.8853
412,0.2449 ,0.8946 ,0.2538 ,0.9124
413,0.2417 ,0.8948 ,0.2261 ,0.8997
414,0.2382 ,0.8986 ,0.1691 ,0.9322
415,0.2320 ,0.8996 ,0.1658 ,0.9271
416,0.2514 ,0.8907 ,0.1622 ,0.9360
417,0.2282 ,0.9004 ,0.1209 ,0.9439
418,0.2110 ,0.9056 ,0.2036 ,0.9168
419,0.2280 ,0.9028 ,0.1487 ,0.9490
420,0.2154 ,0.9094 ,0.2351 ,0.9062
421,0.2222 ,0.9042 ,0.1948 ,0.9035
422,0.1912 ,0.9179 ,0.1172 ,0.9517
423,0.1938 ,0.9184 ,0.1690 ,0.9350
424,0.1982 ,0.9177 ,0.1382 ,0.9449
425,0.2149 ,0.9102 ,0.1690 ,0.9254
426,0.2127 ,0.9099 ,0.1797 ,0.9254
427,0.2022 ,0.9145 ,0.2311 ,0.8980
428,0.2067 ,0.9110 ,0.1790 ,0.9271
429,0.2104 ,0.9114 ,0.1285 ,0.9473
430,0.1992 ,0.9159 ,0.1471 ,0.9346
431,0.2157 ,0.9065 ,0.1566 ,0.9271
432,0.2194 ,0.9080 ,0.1668 ,0.9284
433,0.1831 ,0.9195 ,0.1003 ,0.9627
434,0.1962 ,0.9162 ,0.1643 ,0.9267
435,0.1997 ,0.9149 ,0.1870 ,0.9264
436,0.2041 ,0.9139 ,0.1391 ,0.9463
437,0.1992 ,0.9150 ,0.1148 ,0.9449
438,0.1936 ,0.9178 ,0.1217 ,0.9528
439,0.1890 ,0.9191 ,0.1320 ,0.9466
440,0.1655 ,0.9277 ,0.1221 ,0.9483
441,0.1546 ,0.9345 ,0.0793 ,0.9712
442,0.1475 ,0.9371 ,0.1074 ,0.9558
443,0.1647 ,0.9291 ,0.0934 ,0.9671
444,0.1887 ,0.9196 ,0.1699 ,0.9367
445,0.1770 ,0.9256 ,0.1120 ,0.9613
446,0.1516 ,0.9346 ,0.2511 ,0.8925
447,0.1872 ,0.9173 ,0.1604 ,0.9202
448,0.1947 ,0.9156 ,0.1488 ,0.9319
449,0.1863 ,0.9221 ,0.1628 ,0.9302
450,0.2042 ,0.9143 ,0.1655 ,0.9404
451,0.2112 ,0.9111 ,0.1850 ,0.9182
452,0.1949 ,0.9180 ,0.1459 ,0.9514
453,0.1914 ,0.9191 ,0.2327 ,0.9052
454,0.1958 ,0.9172 ,0.1726 ,0.9312
455,0.2081 ,0.9101 ,0.1811 ,0.9367
456,0.1952 ,0.9160 ,0.1341 ,0.9404
457,0.1934 ,0.9197 ,0.1675 ,0.9343
458,0.1992 ,0.9164 ,0.1451 ,0.9360
459,0.2000 ,0.9148 ,0.1869 ,0.9161
460,0.2144 ,0.9064 ,0.1907 ,0.9182
461,0.1911 ,0.9178 ,0.1279 ,0.9418
462,0.1866 ,0.9223 ,0.1440 ,0.9356
463,0.1895 ,0.9208 ,0.1592 ,0.9288
464,0.2143 ,0.9104 ,0.1931 ,0.9209
465,0.2085 ,0.9122 ,0.1876 ,0.9288
466,0.2118 ,0.9118 ,0.1579 ,0.9319
467,0.2102 ,0.9120 ,0.1698 ,0.9199
468,0.1883 ,0.9207 ,0.1761 ,0.9298
469,0.1931 ,0.9175 ,0.1327 ,0.9473
470,0.2057 ,0.9138 ,0.1303 ,0.9490
471,0.1990 ,0.9171 ,0.1193 ,0.9552
472,0.1965 ,0.9193 ,0.1490 ,0.9411
473,0.2429 ,0.8944 ,0.2014 ,0.9178
474,0.2433 ,0.8949 ,0.2259 ,0.8973
475,0.2247 ,0.9052 ,0.1400 ,0.9459
476,0.2292 ,0.9027 ,0.2009 ,0.9076
477,0.1863 ,0.9190 ,0.1706 ,0.9240
478,0.1820 ,0.9240 ,0.1249 ,0.9480
479,0.2250 ,0.8995 ,0.2955 ,0.8470
480,0.2019 ,0.9143 ,0.1639 ,0.9326
481,0.2167 ,0.9057 ,0.1754 ,0.9302
482,0.1928 ,0.9146 ,0.1272 ,0.9562
483,0.1727 ,0.9263 ,0.0823 ,0.9723
484,0.1850 ,0.9198 ,0.1341 ,0.9524
485,0.1826 ,0.9220 ,0.1047 ,0.9620
486,0.1788 ,0.9236 ,0.1103 ,0.9558
487,0.2009 ,0.9180 ,0.1853 ,0.9271
488,0.2139 ,0.9083 ,0.1155 ,0.9514
489,0.1872 ,0.9208 ,0.1622 ,0.9343
490,0.1728 ,0.9277 ,0.1417 ,0.9449
491,0.1770 ,0.9245 ,0.1264 ,0.9411
492,0.2110 ,0.9098 ,0.1879 ,0.9192
493,0.2143 ,0.9071 ,0.1455 ,0.9356
494,0.1920 ,0.9192 ,0.1306 ,0.9421
495,0.1818 ,0.9242 ,0.0875 ,0.9623
496,0.1995 ,0.9163 ,0.1768 ,0.9284
497,0.1524 ,0.9387 ,0.1104 ,0.9606
498,0.1681 ,0.9302 ,0.1284 ,0.9534
499,0.1770 ,0.9264 ,0.1334 ,0.934
